prev,curr,n
Main_Page,Daallo_Airlines_Flight_159,155882
Main_Page,"John_Bingham,_7th_Earl_of_Lucan",136320
Main_Page,The_Revenant_(2015_film),113653
Deadpool,Pansexuality,106478
Main_Page,Bad_Aibling_rail_accident,101394
Main_Page,Deadpool_(film),101187
Main_Page,First_observation_of_gravitational_waves,93873
Main_Page,Super_Bowl_50,92269
Main_Page,Antonin_Scalia,87842
XXXX,"48,_XXXX",86240
Big_Ang,Angela_Raiola,85667
Main_Page,"Youth_on_the_Prow,_and_Pleasure_at_the_Helm",83149
Deadpool,Shar_Pei,83147
Main_Page,Tara_Air_Flight_193,80272
Main_Page,Joint_Declaration_of_Pope_Francis_and_Patriarch_Kirill,67975
Main_Page,2016_Ankara_bombing,67049
List_of_most_popular_websites,Main_Page,62204
Donald_Trump,Presbyterianism,60397
Zayn_Malik,Rebecca_Ferguson_(singer),58023
List_of_United_States_naval_aircraft,Fairchild_C-26_Metroliner,57158
Kate_Hudson,Matt_Bellamy,56986
Main_Page,Angelique_Kerber,56741
Main_Page,88th_Academy_Awards,56644
Main_Page,Early_life_and_military_career_of_John_McCain,56394
Main_Page,HMS_Courageous_(50),56010
Main_Page,Deadpool,55207
Main_Page,Terry_Wogan,54871
March_1504_lunar_eclipse,Main_Page,53692
Main_Page,Umberto_Eco,52339
Main_Page,Zika_fever,52024
Main_Page,Gravitational_wave,51635
Main_Page,McDonnell_Douglas_F-4_Phantom_II_in_Australian_service,51273
Main_Page,Boutros_Boutros-Ghali,50434
Main_Page,Von_Miller,50321
Main_Page,Harper_Lee,49145
Main_Page,Cyclone_Winston,48347
Deaths_in_2016,Main_Page,47702
List_of_Running_Man_episodes,Kim_Kwang-kyu_(actor),47454
Main_Page,Patriarch_Kirill_of_Moscow,47040
Main_Page,Zika_virus,45177
Main_Page,2016_Taiwan_earthquake,44804
Dhanush,List_of_awards_received_by_Dhanush,44689
Main_Page,69th_British_Academy_Film_Awards,44592
Main_Page,Chester_A._Arthur,44591
Main_Page,Dave_Mirra,43812
Deadpool_(film),Oh_Yeah_(Yello_song),43333
Main_Page,Donald_Trump,42882
Neerja_Bhanot,Pan_American_World_Airways,41829
Main_Page,Bernie_Sanders,41702
AppNeta,Main_Page,41594
Irudhi_Suttru,Sudha_Kongara,40590
Main_Page,Battle_of_Kalavrye,40585
Main_Page,Fort_Yellowstone,38875
Main_Page,AlphaGo,38680
Main_Page,Alejandro_González_Iñárritu,38108
Main_Page,The_X-Files,37724
Fitoor,Chakravartin_Ashoka_Samrat,36797
Main_Page,2016_Daytona_500,36733
Sunny_Leone,Pornographic_film_actor,36255
Main_Page,General_Dynamics_F-16_Fighting_Falcon,35901
O._J._Simpson,Wrongful_death_claim,35742
Francis_Gary_Powers,Rudolf_Abel,35707
Grease:_Live,The_Fresh_Beat_Band,35126
Main_Page,Myles_Standish,34577
Main_Page,Star_Wars:_The_Force_Awakens,33668
O._J._Simpson,Acquittal,33362
Selena_Gomez,Systemic_lupus_erythematosus,32325
Main_Page,Æthelberht_of_Kent,32321
Main_Page,LIGO,32255
Rebecca_Hall,The_Bleeder,31426
Main_Page,Douglas_Slocombe,31327
Main_Page,February_3,30448
Main_Page,Sushil_Koirala,30418
Main_Page,February_18,30207
Main_Page,February_17,30164
The_Revenant_(2015_film),Scalping,30099
Main_Page,Spotlight_(film),29981
Main_Page,The_Walking_Dead_(TV_series),29981
Main_Page,Anarky,29708
American_Crime_Story,Cuba_Gooding_Jr.,29521
Main_Page,February_2,29401
Gerda_Wegener,Lili_Elbe,29274
Deadpool_(film),Ferris_Bueller's_Day_Off,29250
Main_Page,2016_in_film,28870
Main_Page,February_9,28690
Main_Page,February_10,28423
Main_Page,February_11,28348
Main_Page,February_12,28303
Main_Page,February_25,28283
Main_Page,February_29,28272
Main_Page,February_16,28045
Main_Page,Sikorsky_H-5,27878
Main_Page,Josiah_Willard_Gibbs,27829
List_of_Bollywood_films_of_2016,Great_Grand_Masti,27672
Main_Page,February_8,27649
Deaths_in_2016,Paul_Gordon_(musician),27557
Main_Page,Jacques_Rivette,27497
Main_Page,February_23,27487
Main_Page,February_4,27311
Scott_Foley,Marika_Domińczyk,27262
